,nombre,edad,genero,pais,email
0,Mr Jerome Thomas,73,male,United States,jerome.thomas@example.com
1,Mr Gary Berry,70,male,United Kingdom,gary.berry@example.com
2,Mr Noham Dubois,40,male,France,noham.dubois@example.com
3,Mrs Naja Johansen,63,female,Denmark,naja.johansen@example.com
4,Mr Damien Marchand,61,male,France,damien.marchand@example.com
5,Mr Harri Althoff,56,male,Germany,harri.althoff@example.com
6,Mr Noah Olsen,40,male,Denmark,noah.olsen@example.com
7,Ms Britta Weinert,35,female,Germany,britta.weinert@example.com
8,Mr Jakob Russell,44,male,Ireland,jakob.russell@example.com
9,Miss Emilia Laitinen,53,female,Finland,emilia.laitinen@example.com
10,Ms Cathriona Hanson,53,female,Ireland,cathriona.hanson@example.com
11,Miss Maia Clarke,52,female,New Zealand,maia.clarke@example.com
12,Ms Cathy Simmmons,55,female,Australia,cathy.simmmons@example.com
13,Mr Gerardo Garrido,74,male,Spain,gerardo.garrido@example.com
14,Miss Marina Gutierrez,64,female,Spain,marina.gutierrez@example.com
15,Mrs Thea Singh,27,female,New Zealand,thea.singh@example.com
16,Ms Sheryl Williamson,51,female,United Kingdom,sheryl.williamson@example.com
17,Mr Grayson Walker,74,male,New Zealand,grayson.walker@example.com
18,Mr Johnny Rodriquez,64,male,United Kingdom,johnny.rodriquez@example.com
19,Ms Asta Jørgensen,72,female,Denmark,asta.jorgensen@example.com
20,Mr Vincenzo Rauscher,25,male,Germany,vincenzo.rauscher@example.com
21,Mr Louis Ross,60,male,Canada,louis.ross@example.com
22,Ms Sara Lane,38,female,Ireland,sara.lane@example.com
23,Mrs Tilde Mortensen,42,female,Denmark,tilde.mortensen@example.com
24,Mr Leo Montgomery,73,male,Australia,leo.montgomery@example.com
25,Mrs Kaitlin Harper,32,female,Ireland,kaitlin.harper@example.com
26,Mr Gabriel Edwards,68,male,United States,gabriel.edwards@example.com
27,Mr Ronald Mitchell,62,male,Ireland,ronald.mitchell@example.com
28,Miss Maria Madsen,37,female,Denmark,maria.madsen@example.com
29,Mr Ilyès Lemaire,75,male,France,ilyes.lemaire@example.com
30,Mr Lee Stanley,22,male,United Kingdom,lee.stanley@example.com
31,Mr Toivo Kotila,27,male,Finland,toivo.kotila@example.com
32,Mr Marshall Anderson,23,male,United States,marshall.anderson@example.com
33,Monsieur Tim Pierre,26,male,Switzerland,tim.pierre@example.com
34,Mademoiselle Gilberte Roussel,31,female,Switzerland,gilberte.roussel@example.com
35,Ms Wenda Laurens,41,female,Netherlands,wenda.laurens@example.com
36,Mr Anthony Wong,42,male,Canada,anthony.wong@example.com
37,Mr Giray Beşok,31,male,Turkey,giray.besok@example.com
38,Mrs Lotta Rintala,26,female,Finland,lotta.rintala@example.com
39,Miss Louisa Jevnaker,59,female,Norway,louisa.jevnaker@example.com
40,Monsieur Dimitri Fournier,29,male,Switzerland,dimitri.fournier@example.com
41,Miss Iida Ketola,46,female,Finland,iida.ketola@example.com
42,Miss Ceylan Nalbantoğlu,48,female,Turkey,ceylan.nalbantoglu@example.com
43,Miss Anna Hansen,71,female,Denmark,anna.hansen@example.com
44,Mr محمدمهدی سهيلي راد,55,male,Iran,mhmdmhdy.shylyrd@example.com
45,Ms Ilona Moilanen,22,female,Finland,ilona.moilanen@example.com
46,Mrs Phyllis West,46,female,United States,phyllis.west@example.com
47,Miss Ellen Rinne,66,female,Finland,ellen.rinne@example.com
48,Miss مهدیس حیدری,46,female,Iran,mhdys.hydry@example.com
49,Ms Laica Pires,27,female,Brazil,laica.pires@example.com
50,Mr Theo Miller,33,male,Canada,theo.miller@example.com
51,Miss Victoire Giraud,50,female,France,victoire.giraud@example.com
52,Mr اميرعلي کامروا,42,male,Iran,myraaly.khmrw@example.com
53,Ms Aino Lassila,54,female,Finland,aino.lassila@example.com
54,Mr Matteo Wolden,34,male,Norway,matteo.wolden@example.com
55,Mr Jerome Watson,25,male,Ireland,jerome.watson@example.com
56,Ms Marcella Brosch,38,female,Germany,marcella.brosch@example.com
57,Miss Victoria Pedersen,41,female,Denmark,victoria.pedersen@example.com
58,Miss Madison Ennis,49,female,Canada,madison.ennis@example.com
59,Mr Douglas Welch,30,male,Ireland,douglas.welch@example.com
60,Mr Yasin Heskestad,27,male,Norway,yasin.heskestad@example.com
61,Mr Silas Christensen,57,male,Denmark,silas.christensen@example.com
62,Mr پوریا مرادی,60,male,Iran,pwry.mrdy@example.com
63,Mr Davut Yazıcı,64,male,Turkey,davut.yazici@example.com
64,Mrs Frøya Grinden,53,female,Norway,froya.grinden@example.com
65,Mr Sócrates Teixeira,70,male,Brazil,socrates.teixeira@example.com
66,Madame Kelly Berger,24,female,Switzerland,kelly.berger@example.com
67,Mr اميرمحمد رضاییان,27,male,Iran,myrmhmd.rdyyn@example.com
68,Mr Sammy Bradley,34,male,Ireland,sammy.bradley@example.com
69,Mr Luis Lundgren,23,male,Norway,luis.lundgren@example.com
70,Mr Eli Fleming,25,male,United Kingdom,eli.fleming@example.com
71,Mr Gary Berry,70,male,United Kingdom,gary.berry@example.com
72,Ms Megan Brown,26,female,Canada,megan.brown@example.com
73,Mr Willard Kelly,31,male,Australia,willard.kelly@example.com
74,Miss Silje Petersen,29,female,Denmark,silje.petersen@example.com
75,Ms Amparo Gutierrez,40,female,Spain,amparo.gutierrez@example.com
76,Mr Gary Berry,70,male,United Kingdom,gary.berry@example.com
77,Mr Norman Carter,23,male,Australia,norman.carter@example.com
78,Miss عسل رضایی,66,female,Iran,aasl.rdyy@example.com
79,Ms Hanne Aschenbrenner,64,female,Germany,hanne.aschenbrenner@example.com
80,Mrs Isobel Taylor,23,female,New Zealand,isobel.taylor@example.com
81,Mr Diego Hidalgo,37,male,Spain,diego.hidalgo@example.com
82,Miss Elsie Lawrence,75,female,Australia,elsie.lawrence@example.com
83,Mr Thomas Smeland,36,male,Norway,thomas.smeland@example.com
84,Mr Jordan Castro,74,male,Australia,jordan.castro@example.com
85,Mrs Luisa Weißmann,32,female,Germany,luisa.weissmann@example.com
86,Ms Ada Torbergsen,52,female,Norway,ada.torbergsen@example.com
87,Mr Joona Koskela,59,male,Finland,joona.koskela@example.com
88,Mrs Hilda Epp,22,female,Germany,hilda.epp@example.com
89,Ms Mary Evanger,67,female,Norway,mary.evanger@example.com
90,Ms Emilia Vega,71,female,Spain,emilia.vega@example.com
91,Mrs Elif Süleymanoğlu,60,female,Turkey,elif.suleymanoglu@example.com
92,Miss Ellie Fisher,23,female,United Kingdom,ellie.fisher@example.com
93,Mrs Ines Moreno,62,female,Spain,ines.moreno@example.com
94,Ms Monica Chapman,30,female,Australia,monica.chapman@example.com
95,Mrs Sophia Jones,67,female,New Zealand,sophia.jones@example.com
96,Mrs Lorena Cabrera,68,female,Spain,lorena.cabrera@example.com
97,Mr محمدامين گلشن,51,male,Iran,mhmdmyn.glshn@example.com
98,Mr Thomas Rogers,70,male,Ireland,thomas.rogers@example.com
99,Mr Jake Spencer,23,male,Ireland,jake.spencer@example.com
100,Mr Ilyas Torset,56,male,Norway,ilyas.torset@example.com
101,Mr Anton Johansen,56,male,Denmark,anton.johansen@example.com
102,Ms Hayley Williams,62,female,New Zealand,hayley.williams@example.com
103,Mr Gökhan Oraloğlu,37,male,Turkey,gokhan.oraloglu@example.com
104,Mrs Lilou Lecomte,27,female,France,lilou.lecomte@example.com
105,Mademoiselle Tatjana Blanchard,44,female,Switzerland,tatjana.blanchard@example.com
106,Mr Pedro Peixoto,39,male,Brazil,pedro.peixoto@example.com
107,Miss Louise Richard,29,female,France,louise.richard@example.com
108,Mr كيان احمدی,71,male,Iran,kyn.hmdy@example.com
109,Mr Randall Griffin,32,male,Australia,randall.griffin@example.com
110,Ms Deniz Kahveci,54,female,Turkey,deniz.kahveci@example.com
111,Miss Emma Jensen,39,female,Denmark,emma.jensen@example.com
112,Mr Argemiro Gonçalves,69,male,Brazil,argemiro.goncalves@example.com
113,Miss Julcenira Peixoto,44,female,Brazil,julcenira.peixoto@example.com
114,Ms Nalan Ekici,31,female,Turkey,nalan.ekici@example.com
115,Mr Cameron Armstrong,28,male,United States,cameron.armstrong@example.com
116,Ms هستی رضایی,60,female,Iran,hsty.rdyy@example.com
117,Mr Angel Herrera,66,male,United States,angel.herrera@example.com
118,Mrs Frida Nielsen,60,female,Denmark,frida.nielsen@example.com
119,Miss Begüm Akar,66,female,Turkey,begum.akar@example.com
120,Ms Tia Lyngstad,65,female,Norway,tia.lyngstad@example.com
121,Ms Cherly Gardner,69,female,United States,cherly.gardner@example.com
122,Mrs Allie Rhodes,65,female,Ireland,allie.rhodes@example.com
123,Mr Edir Costa,66,male,Brazil,edir.costa@example.com
124,Mrs Molly Smith,30,female,New Zealand,molly.smith@example.com
125,Mr Rick Bradley,66,male,United Kingdom,rick.bradley@example.com
126,Mr Eliott Andre,72,male,France,eliott.andre@example.com
127,Mr Gary Berry,70,male,United Kingdom,gary.berry@example.com
128,Miss Phoebe Cook,38,female,United Kingdom,phoebe.cook@example.com
129,Mr Davut Mertoğlu,74,male,Turkey,davut.mertoglu@example.com
130,Mr Lester Pearson,27,male,Ireland,lester.pearson@example.com
131,Mr Xavier Addy,30,male,Canada,xavier.addy@example.com
132,Ms Theodora Kreijkes,35,female,Netherlands,theodora.kreijkes@example.com
133,Miss Julia Ambrose,34,female,Canada,julia.ambrose@example.com
134,Ms Soledad Lorenzo,46,female,Spain,soledad.lorenzo@example.com
135,Mr Ray Henry,75,male,United States,ray.henry@example.com
136,Miss هلیا حیدری,53,female,Iran,hly.hydry@example.com
137,Mr Qasim Te Wierik,52,male,Netherlands,qasim.tewierik@example.com
138,Ms Maria Thomsen,41,female,Denmark,maria.thomsen@example.com
139,Mr Ola Klakegg,28,male,Norway,ola.klakegg@example.com
140,Mr Thomas Garrett,30,male,United States,thomas.garrett@example.com
141,Mrs Cathriona Stanley,37,female,Ireland,cathriona.stanley@example.com
142,Mademoiselle Chiara Petit,52,female,Switzerland,chiara.petit@example.com
143,Mr Vedat Köybaşı,39,male,Turkey,vedat.koybasi@example.com
144,Ms Mareile Plate,51,female,Germany,mareile.plate@example.com
145,Mr میلاد نكو نظر,63,male,Iran,myld.nkwnzr@example.com
146,Ms Susanne Røkenes,24,female,Norway,susanne.rokenes@example.com
147,Mr Lauri Kotila,32,male,Finland,lauri.kotila@example.com
148,Mr حامد گلشن,52,male,Iran,hmd.glshn@example.com
149,Ms Ana Castro,66,female,Spain,ana.castro@example.com
150,Ms Juraci Sales,29,female,Brazil,juraci.sales@example.com
151,Mr Thomas Lam,42,male,Canada,thomas.lam@gmail.com
152,Mr Edward Brown,72,male,New Zealand,edward.brown@example.com
153,Mrs Sophie Lewis,75,female,New Zealand,sophie.lewis@example.com
154,Ms آوین کریمی,59,female,Iran,awyn.khrymy@example.com
155,Mr Sacha Philippe,64,male,France,sacha.philippe@example.com
156,Mrs Irma Torres,48,female,Australia,irma.torres@example.com
157,Mr Andrew Holt,38,male,Ireland,andrew.holt@example.com
158,Mr Rafael Spangenberg,33,male,Germany,rafael.spangenberg@example.com
159,Ms Oya Biçer,23,female,Turkey,oya.bicer@example.com
160,Mrs Stella Cooper,26,female,New Zealand,stella.cooper@example.com
161,Miss Mercedes Fuentes,49,female,Spain,mercedes.fuentes@example.com
162,Miss Savannah Thompson,46,female,New Zealand,savannah.thompson@example.com
163,Mr Herman Fox,57,male,United States,herman.fox@example.com
164,Miss Evelise Gonçalves,49,female,Brazil,evelise.goncalves@example.com
165,Miss Anna Daniels,62,female,Australia,anna.daniels@example.com
166,Miss Tracey Wheeler,35,female,United Kingdom,tracey.wheeler@example.com
167,Ms Vicky Mitchell,43,female,United Kingdom,vicky.mitchell@example.com
168,Mrs Grace Robinson,61,female,New Zealand,grace.robinson@example.com
169,Mrs Shannon Craig,57,female,Australia,shannon.craig@example.com
170,Mr Ryder Côté,25,male,Canada,ryder.cote@example.com
171,Mr Daniel Lilleeng,64,male,Norway,daniel.lilleeng@example.com
172,Mr Jesus King,54,male,Australia,jesus.king@example.com
173,Mr Adam Nielsen,30,male,Denmark,adam.nielsen@example.com
174,Ms Isla Koistinen,37,female,Finland,isla.koistinen@example.com
175,Ms Amke Lengkeek,62,female,Netherlands,amke.lengkeek@example.com
176,Miss Carmen Vargas,59,female,Spain,carmen.vargas@example.com
177,Mrs Andrea Andersen,45,female,Denmark,andrea.andersen@example.com
178,Mademoiselle Svetlana Fontai,66,female,Switzerland,svetlana.fontai@example.com
179,Miss Clara Møller,58,female,Denmark,clara.moller@example.com
180,Monsieur Laurin Leclercq,57,male,Switzerland,laurin.leclercq@example.com
181,Mrs Avery King,57,female,United Kingdom,avery.king@example.com
182,Mrs Soila Silva,63,female,Brazil,soila.silva@example.com
183,Mr Truls Asp,57,male,Norway,truls.asp@example.com
184,Mr Philip Bélanger,24,male,Canada,philip.belanger@example.com
185,Mrs Giulia Fournier,31,female,France,giulia.fournier@example.com
186,Mr Vicente Rojas,54,male,Spain,vicente.rojas@example.com
187,Mr Harley Johnson,28,male,New Zealand,harley.johnson@example.com
188,Mr Craig Alvarez,68,male,United Kingdom,craig.alvarez@example.com
189,Mr Carl Williamson,59,male,Ireland,carl.williamson@example.com
190,Miss Margrietha Holster,61,female,Netherlands,margrietha.holster@example.com
191,Mr Noah Moore,44,male,New Zealand,noah.moore@example.com
192,Mrs Julia Barnes,35,female,Ireland,julia.barnes@example.com
193,Ms Delphine Ginnish,58,female,Canada,delphine.ginnish@example.com
194,Madame Rosa Lefevre,67,female,Switzerland,rosa.lefevre@example.com
195,Mr Raul Bravo,46,male,Spain,raul.bravo@example.com
196,Miss Maeva Fortin,40,female,Canada,maeva.fortin@example.com
197,Mr Gabriel Berger,40,male,France,gabriel.berger@example.com
198,Mrs Ülkü Tanrıkulu,37,female,Turkey,ulku.tanrikulu@example.com
199,Mr Raff Valkema,60,male,Netherlands,raff.valkema@example.com